<?xml version="1.0" encoding="UTF-8" ?>
<component name="RowListContent" extends="ContentNode">
    <children>
        <ContentNode title="Row 1">
            <ContentNode 
                HDPosterUrl="pkg:/images/dead_dont_die.jpg"
                title="title"
                />
            <ContentNode 
                HDPosterUrl="pkg:/images/dead_dont_die.jpg"
                title="title"
                />
            <ContentNode 
                HDPosterUrl="pkg:/images/dead_dont_die.jpg"
                title="title"
                />
            <ContentNode 
                HDPosterUrl="pkg:/images/dead_dont_die.jpg"
                title="title"
                />
            <ContentNode 
                HDPosterUrl="pkg:/images/dead_dont_die.jpg"
                title="title"
                />
        </ContentNode>        
        <ContentNode title="Row 2">
            <ContentNode 
                HDPosterUrl="pkg:/images/dead_dont_die.jpg"
                title="title"
                />
            <ContentNode 
                HDPosterUrl="pkg:/images/dead_dont_die.jpg"
                title="title"
                />
            <ContentNode 
                HDPosterUrl="pkg:/images/dead_dont_die.jpg"
                title="title"
                />
            <ContentNode 
                HDPosterUrl="pkg:/images/dead_dont_die.jpg"
                title="title"
                />
            <ContentNode 
                HDPosterUrl="pkg:/images/dead_dont_die.jpg"
                title="title"
                />
        </ContentNode>        
    </children>
</component>
